{"AAAA":[101.6506229,3.0089644,"KKKK",[26,1,2,5,6,3,2,1,2,7,29,12,3]],"Bandar Puteri Puchong":[3.0142264,101.6052343,"Bandar Puteri Puchong"],"KMCE":[-120.50,37.28,"MERCED MUNICIPAL AIRPORT"],"KKKK":[-120.57,37.37,"Merced / Castle Air Force Base"],"KATT":[3.01,101.65,"NAPA COUNTY AIRPORT",[23,2,1,6,3,3,8,18,11,13,4,3,5]],"KSSS":[101.60,3.01,"Fairfield / Travis Air Force Base"]}
