{"Seri Kembangan":[101.6506229,3.0089644,"Seri Kembangan",[26,1,2,5,6,3,2,1,2,7,29,12,3]],"Bandar Puteri Puchong":[3.0142264,101.6052343,"Bandar Puteri Puchong"],"KMCE":[-120.50,37.28,"MERCED MUNICIPAL AIRPORT"]}
