{"Seri Kembangan":[101.7055411,3.021998,"Seri Kembangan"],"Bandar Puteri Puchong":[101.6052343,3.0142264,"Bandar Puteri Puchong"],"KMCE":[-120.50,37.28,"MERCED MUNICIPAL AIRPORT"],"KKKK":[-120.57,37.37,"Air Force Base"],"KATT":[-122.28,38.20,"AIRPORT"],"KSSS":[-121.95,38.27,"lll"]}
