{"Point 1":[3.0089644,101.6506229,"Seri Kembangan",[26,1,2,5,6,3,2,1,2,7,29,12,3]],"Point 2":[3.0142264,101.6052343,"Bandar Puteri Puchong",[28,1,1,1,6,10,5,3,2,4,14,21,7]],"KMCE":[3.0089644,101.6506229,"MERCED MUNICIPAL AIRPORT",[29,1,1,3,7,5,2,1,3,6,12,26,5]],"KMER":[-120.57,37.37,"Merced / Castle Air Force Base",[34,1,1,1,4,5,2,1,1,4,17,22,7]],"KAPC":[3.0089644,101.6506229,"NAPA COUNTY AIRPORT",[23,2,1,6,3,3,8,18,11,13,4,3,5]],"KSUU":[-121.95,38.27,"Fairfield / Travis Air Force Base",[13,7,4,3,3,6,4,13,33,4,1,2,7]]}
