{"PPPT":[101.6506229,3.0089644,"Seri Kembangan",[26,1,2,5,6,3,2,1,2,7,29,12,3]],"Bandar Puteri Puchong":[101.6052343,3.0142264,"Bandar Puteri Puchong",[28,1,1,1,6,10,5,3,2,4,14,21,7]],"KMCE":[-120.50,37.28,"MERCED MUNICIPAL AIRPORT"],"KKKK":[-120.57,37.37,"Merced / Castle Air Force Base"],"KATT":[-122.28,38.20,"NAPA COUNTY AIRPORT",[23,2,1,6,3,3,8,18,11,13,4,3,5]],"KSSS":[-121.95,38.27,"Fairfield / Travis Air Force Base"]}
